Workbook

Sheet WORKERS
B2: WORKERS LIST
B3: S NO | C3: NAME | D3: BASIC SALARY/DAY
B4: 1 | C4: T.DILLESWAR RAO | D4: 1200
B5: 2 | C5: KUNJABIHARI MAJHI | D5: 900
B6: 3 | C6: SUBHAS MAJHI | D6: 1200
B7: 4 | C7: MOHITH | D7: 700
B8: 5 | C8: BIJAY MAJHI | D8: 700
B9: 6 | C9: BASANTA MAJHI | D9: 700
B10: 7 | C10: ROHITH MAJHI | D10: 1200
B11: 8 | C11: JANMENJAYA BHOI | D11: 700
B12: 9 | C12: PURAUSTAM BANCHOR | D12: 583.34
B13: 10 | C13: THABIR GOUD | D13: 583.34
B14: 11 | C14: SARATH | D14: 583.34
B15: 12 | C15: ANIL MAJHI | D15: 583.34
... B38: 35 | C38: RAJENDRA DORA | D38: 583.34

Sheet SAW MILL
B2: DHULIPUDI TIMBER PRODUCTS PVT LTD - SAWMILL DATA | K2: DATE
K3: 45857
B4: S NO | C4: NAME | D4: WORKING DAYS - SHIFTS (Fill the cells with 'A' or 'B') | K4: TOTAL AMOUNT/WEEK
D5: SUNDAY | E5: MONDAY | F5: TUESDAY | G5: WEDNESDAY | H5: THURSDAY | I5: FRIDAY | J5: SATURDAY
B6: =WORKERS!B4 -> 1 | C6: =WORKERS!C4 -> T.DILLESWAR RAO | K6: =SUM(COUNTIF(D6:J6,"A") + COUNTIF(D6:J6,"B")) * WORKERS!D4 -> 0
B7: =WORKERS!B5 -> 2 | C7: =WORKERS!C5 -> KUNJABIHARI MAJHI | K7: =SUM(COUNTIF(D7:J7,"A") + COUNTIF(D7:J7,"B")) * WORKERS!D5 -> 0
B8: =WORKERS!B6 -> 3 | C8: =WORKERS!C6 -> SUBHAS MAJHI | K8: =SUM(COUNTIF(D8:J8,"A") + COUNTIF(D8:J8,"B")) * WORKERS!D6 -> 0
B9: =WORKERS!B7 -> 4 | C9: =WORKERS!C7 -> MOHITH | K9: =SUM(COUNTIF(D9:J9,"A") + COUNTIF(D9:J9,"B")) * WORKERS!D7 -> 0
B10: =WORKERS!B8 -> 5 | C10: =WORKERS!C8 -> BIJAY MAJHI | K10: =SUM(COUNTIF(D10:J10,"A") + COUNTIF(D10:J10,"B")) * WORKERS!D8 -> 0
B11: =WORKERS!B9 -> 6 | C11: =WORKERS!C9 -> BASANTA MAJHI | E11: A | K11: =SUM(COUNTIF(D11:J11,"A") + COUNTIF(D11:J11,"B")) * WORKERS!D9 -> 700
B12: =WORKERS!B10 -> 7 | C12: =WORKERS!C10 -> ROHITH MAJHI | E12: B | K12: =SUM(COUNTIF(D12:J12,"A") + COUNTIF(D12:J12,"B")) * WORKERS!D10 -> 1200
B13: =WORKERS!B11 -> 8 | C13: =WORKERS!C11 -> JANMENJAYA BHOI | E13: A | F13: A | K13: =SUM(COUNTIF(D13:J13,"A") + COUNTIF(D13:J13,"B")) * WORKERS!D11 -> 1400
B14: =WORKERS!B12 -> 9 | C14: =WORKERS!C12 -> PURAUSTAM BANCHOR | F14: B | K14: =SUM(COUNTIF(D14:J14,"A") + COUNTIF(D14:J14,"B")) * WORKERS!D12 -> 583.34
B15: =WORKERS!B13 -> 10 | C15: =WORKERS!C13 -> THABIR GOUD | E15: B | K15: =SUM(COUNTIF(D15:J15,"A") + COUNTIF(D15:J15,"B")) * WORKERS!D13 -> 583.34
B16: =WORKERS!B14 -> 11 | C16: =WORKERS!C14 -> SARATH | K16: =SUM(COUNTIF(D16:J16,"A") + COUNTIF(D16:J16,"B")) * WORKERS!D14 -> 0
B17: =WORKERS!B15 -> 12 | C17: =WORKERS!C15 -> ANIL MAJHI | K17: =SUM(COUNTIF(D17:J17,"A") + COUNTIF(D17:J17,"B")) * WORKERS!D15 -> 0
B18: =WORKERS!B16 -> 13 | C18: =WORKERS!C16 -> RASIKA GOUD | K18: =SUM(COUNTIF(D18:J18,"A") + COUNTIF(D18:J18,"B")) * WORKERS!D16 -> 0
B19: =WORKERS!B17 -> 14 | C19: =WORKERS!C17 -> PARMANANDA BANCHOR | K19: =SUM(COUNTIF(D19:J19,"A") + COUNTIF(D19:J19,"B")) * WORKERS!D17 -> 0
B20: =WORKERS!B18 -> 15 | C20: =WORKERS!C18 -> LINGRAJ PODH | K20: =SUM(COUNTIF(D20:J20,"A") + COUNTIF(D20:J20,"B")) * WORKERS!D18 -> 0
B21: =WORKERS!B19 -> 16 | C21: =WORKERS!C19 -> RAMAKANTA BANCHOR | K21: =SUM(COUNTIF(D21:J21,"A") + COUNTIF(D21:J21,"B")) * WORKERS!D19 -> 0
B22: =WORKERS!B20 -> 17 | C22: =WORKERS!C20 -> RUSHIBHOI | K22: =SUM(COUNTIF(D22:J22,"A") + COUNTIF(D22:J22,"B")) * WORKERS!D20 -> 0
B23: =WORKERS!B21 -> 18 | C23: =WORKERS!C21 -> VIJAY BHOI | K23: =SUM(COUNTIF(D23:J23,"A") + COUNTIF(D23:J23,"B")) * WORKERS!D21 -> 0
B24: =WORKERS!B22 -> 19 | C24: =WORKERS!C22 -> JAGATHRAY KANTERI | K24: =SUM(COUNTIF(D24:J24,"A") + COUNTIF(D24:J24,"B")) * WORKERS!D22 -> 0
B25: =WORKERS!B23 -> 20 | C25: =WORKERS!C23 -> KAILASH | K25: =SUM(COUNTIF(D25:J25,"A") + COUNTIF(D25:J25,"B")) * WORKERS!D23 -> 0
B26: =WORKERS!B24 -> 21 | C26: =WORKERS!C24 -> PRASHANTH | K26: =SUM(COUNTIF(D26:J26,"A") + COUNTIF(D26:J26,"B")) * WORKERS!D24 -> 0
B27: =WORKERS!B25 -> 22 | C27: =WORKERS!C25 -> KESAV TILI | K27: =SUM(COUNTIF(D27:J27,"A") + COUNTIF(D27:J27,"B")) * WORKERS!D25 -> 0
... B73: =WORKERS!B71 -> 0 | C73: =WORKERS!C71 -> 0 | K73: =SUM(COUNTIF(D73:J73,"A") + COUNTIF(D73:J73,"B")) * WORKERS!D71 -> 0
B74: TOTAL WORKING DAYS AND AMOUNT | D74: =COUNTIF(D6:D73, "A") + COUNTIF(D6:D73, "B") -> 0 | E74: =COUNTIF(E6:E73, "A") + COUNTIF(E6:E73, "B") -> 4 | F74: =COUNTIF(F6:F73, "A") + COUNTIF(F6:F73, "B") -> 2 | G74: =COUNTIF(G6:G73, "A") + COUNTIF(G6:G73, "B") -> 0 | H74: =COUNTIF(H6:H73, "A") + COUNTIF(H6:H73, "B") -> 0 | I74: =COUNTIF(I6:I73, "A") + COUNTIF(I6:I73, "B") -> 0 | J74: =COUNTIF(J6:J73, "A") + COUNTIF(J6:J73, "B") -> 0 | K74: =SUM(K6:K73) -> 4466.68
H75: WEEKLY TOTAL CFT | K75: 200
H76: SAWMILL, LOADING LABOUR | I76: AMOUNT PER CFT | K76: =(K74+'LOADING LABOUR'!K74)/K75 -> 22.3334

Sheet BRIQUETTE
B2: DHULIPUDI TIMBER PRODUCTS PVT LTD - SAWMILL DATA | K2: DATE
K3: 45857
B4: S NO | C4: NAME | D4: WORKING DAYS - SHIFTS (Fill the cells with 'A' or 'B') | K4: TOTAL AMOUNT/WEEK
D5: SUNDAY | E5: MONDAY | F5: TUESDAY | G5: WEDNESDAY | H5: THURSDAY | I5: FRIDAY | J5: SATURDAY
B6: =WORKERS!B4 -> 1 | C6: =WORKERS!C4 -> T.DILLESWAR RAO | K6: =SUM(COUNTIF(D6:J6,"A") + COUNTIF(D6:J6,"B")) * WORKERS!D4 -> 0
B7: =WORKERS!B5 -> 2 | C7: =WORKERS!C5 -> KUNJABIHARI MAJHI | K7: =SUM(COUNTIF(D7:J7,"A") + COUNTIF(D7:J7,"B")) * WORKERS!D5 -> 0
B8: =WORKERS!B6 -> 3 | C8: =WORKERS!C6 -> SUBHAS MAJHI | K8: =SUM(COUNTIF(D8:J8,"A") + COUNTIF(D8:J8,"B")) * WORKERS!D6 -> 0
B9: =WORKERS!B7 -> 4 | C9: =WORKERS!C7 -> MOHITH | K9: =SUM(COUNTIF(D9:J9,"A") + COUNTIF(D9:J9,"B")) * WORKERS!D7 -> 0
B10: =WORKERS!B8 -> 5 | C10: =WORKERS!C8 -> BIJAY MAJHI | K10: =SUM(COUNTIF(D10:J10,"A") + COUNTIF(D10:J10,"B")) * WORKERS!D8 -> 0
B11: =WORKERS!B9 -> 6 | C11: =WORKERS!C9 -> BASANTA MAJHI | E11: A | K11: =SUM(COUNTIF(D11:J11,"A") + COUNTIF(D11:J11,"B")) * WORKERS!D9 -> 700
B12: =WORKERS!B10 -> 7 | C12: =WORKERS!C10 -> ROHITH MAJHI | E12: B | K12: =SUM(COUNTIF(D12:J12,"A") + COUNTIF(D12:J12,"B")) * WORKERS!D10 -> 1200
B13: =WORKERS!B11 -> 8 | C13: =WORKERS!C11 -> JANMENJAYA BHOI | E13: A | K13: =SUM(COUNTIF(D13:J13,"A") + COUNTIF(D13:J13,"B")) * WORKERS!D11 -> 700
B14: =WORKERS!B12 -> 9 | C14: =WORKERS!C12 -> PURAUSTAM BANCHOR | E14: B | K14: =SUM(COUNTIF(D14:J14,"A") + COUNTIF(D14:J14,"B")) * WORKERS!D12 -> 583.34
B15: =WORKERS!B13 -> 10 | C15: =WORKERS!C13 -> THABIR GOUD | E15: A | K15: =SUM(COUNTIF(D15:J15,"A") + COUNTIF(D15:J15,"B")) * WORKERS!D13 -> 583.34
B16: =WORKERS!B14 -> 11 | C16: =WORKERS!C14 -> SARATH | K16: =SUM(COUNTIF(D16:J16,"A") + COUNTIF(D16:J16,"B")) * WORKERS!D14 -> 0
B17: =WORKERS!B15 -> 12 | C17: =WORKERS!C15 -> ANIL MAJHI | K17: =SUM(COUNTIF(D17:J17,"A") + COUNTIF(D17:J17,"B")) * WORKERS!D15 -> 0
B18: =WORKERS!B16 -> 13 | C18: =WORKERS!C16 -> RASIKA GOUD | K18: =SUM(COUNTIF(D18:J18,"A") + COUNTIF(D18:J18,"B")) * WORKERS!D16 -> 0
B19: =WORKERS!B17 -> 14 | C19: =WORKERS!C17 -> PARMANANDA BANCHOR | K19: =SUM(COUNTIF(D19:J19,"A") + COUNTIF(D19:J19,"B")) * WORKERS!D17 -> 0
B20: =WORKERS!B18 -> 15 | C20: =WORKERS!C18 -> LINGRAJ PODH | K20: =SUM(COUNTIF(D20:J20,"A") + COUNTIF(D20:J20,"B")) * WORKERS!D18 -> 0
B21: =WORKERS!B19 -> 16 | C21: =WORKERS!C19 -> RAMAKANTA BANCHOR | K21: =SUM(COUNTIF(D21:J21,"A") + COUNTIF(D21:J21,"B")) * WORKERS!D19 -> 0
B22: =WORKERS!B20 -> 17 | C22: =WORKERS!C20 -> RUSHIBHOI | K22: =SUM(COUNTIF(D22:J22,"A") + COUNTIF(D22:J22,"B")) * WORKERS!D20 -> 0
B23: =WORKERS!B21 -> 18 | C23: =WORKERS!C21 -> VIJAY BHOI | K23: =SUM(COUNTIF(D23:J23,"A") + COUNTIF(D23:J23,"B")) * WORKERS!D21 -> 0
B24: =WORKERS!B22 -> 19 | C24: =WORKERS!C22 -> JAGATHRAY KANTERI | K24: =SUM(COUNTIF(D24:J24,"A") + COUNTIF(D24:J24,"B")) * WORKERS!D22 -> 0
B25: =WORKERS!B23 -> 20 | C25: =WORKERS!C23 -> KAILASH | K25: =SUM(COUNTIF(D25:J25,"A") + COUNTIF(D25:J25,"B")) * WORKERS!D23 -> 0
B26: =WORKERS!B24 -> 21 | C26: =WORKERS!C24 -> PRASHANTH | K26: =SUM(COUNTIF(D26:J26,"A") + COUNTIF(D26:J26,"B")) * WORKERS!D24 -> 0
B27: =WORKERS!B25 -> 22 | C27: =WORKERS!C25 -> KESAV TILI | K27: =SUM(COUNTIF(D27:J27,"A") + COUNTIF(D27:J27,"B")) * WORKERS!D25 -> 0
... B73: =WORKERS!B71 -> 0 | C73: =WORKERS!C71 -> 0 | K73: =SUM(COUNTIF(D73:J73,"A") + COUNTIF(D73:J73,"B")) * WORKERS!D71 -> 0
B74: TOTAL WORKING DAYS AND AMOUNT | D74: =COUNTIF(D6:D73, "A") + COUNTIF(D6:D73, "B") -> 0 | E74: =COUNTIF(E6:E73, "A") + COUNTIF(E6:E73, "B") -> 5 | F74: =COUNTIF(F6:F73, "A") + COUNTIF(F6:F73, "B") -> 0 | G74: =COUNTIF(G6:G73, "A") + COUNTIF(G6:G73, "B") -> 0 | H74: =COUNTIF(H6:H73, "A") + COUNTIF(H6:H73, "B") -> 0 | I74: =COUNTIF(I6:I73, "A") + COUNTIF(I6:I73, "B") -> 0 | J74: =COUNTIF(J6:J73, "A") + COUNTIF(J6:J73, "B") -> 0 | K74: =SUM(K6:K73) -> 3766.68
H75: WEEKLY TOTAL CFT | K75: 20
H76: BRUQUETTE, SAW DUST MECHINE, DRIER | I76: AMOUNT PER TONNAGE | K76: =(K74+'SAW DUST MACHINE'!K74+DRIER!K74)/K75 -> 188.334

Sheet SAW DUST MACHINE
B2: DHULIPUDI TIMBER PRODUCTS PVT LTD - SAW DUST MACHINE DATA | K2: DATE
K3: 45857
B4: S NO | C4: NAME | D4: WORKING DAYS - SHIFTS (Fill the cells with 'A' or 'B') | K4: TOTAL AMOUNT/WEEK
D5: SUNDAY | E5: MONDAY | F5: TUESDAY | G5: WEDNESDAY | H5: THURSDAY | I5: FRIDAY | J5: SATURDAY
B6: =WORKERS!B4 -> 1 | C6: =WORKERS!C4 -> T.DILLESWAR RAO | K6: =SUM(COUNTIF(D6:J6,"A") + COUNTIF(D6:J6,"B")) * WORKERS!D4 -> 0
B7: =WORKERS!B5 -> 2 | C7: =WORKERS!C5 -> KUNJABIHARI MAJHI | K7: =SUM(COUNTIF(D7:J7,"A") + COUNTIF(D7:J7,"B")) * WORKERS!D5 -> 0
B8: =WORKERS!B6 -> 3 | C8: =WORKERS!C6 -> SUBHAS MAJHI | K8: =SUM(COUNTIF(D8:J8,"A") + COUNTIF(D8:J8,"B")) * WORKERS!D6 -> 0
B9: =WORKERS!B7 -> 4 | C9: =WORKERS!C7 -> MOHITH | K9: =SUM(COUNTIF(D9:J9,"A") + COUNTIF(D9:J9,"B")) * WORKERS!D7 -> 0
B10: =WORKERS!B8 -> 5 | C10: =WORKERS!C8 -> BIJAY MAJHI | K10: =SUM(COUNTIF(D10:J10,"A") + COUNTIF(D10:J10,"B")) * WORKERS!D8 -> 0
B11: =WORKERS!B9 -> 6 | C11: =WORKERS!C9 -> BASANTA MAJHI | K11: =SUM(COUNTIF(D11:J11,"A") + COUNTIF(D11:J11,"B")) * WORKERS!D9 -> 0
B12: =WORKERS!B10 -> 7 | C12: =WORKERS!C10 -> ROHITH MAJHI | K12: =SUM(COUNTIF(D12:J12,"A") + COUNTIF(D12:J12,"B")) * WORKERS!D10 -> 0
B13: =WORKERS!B11 -> 8 | C13: =WORKERS!C11 -> JANMENJAYA BHOI | K13: =SUM(COUNTIF(D13:J13,"A") + COUNTIF(D13:J13,"B")) * WORKERS!D11 -> 0
B14: =WORKERS!B12 -> 9 | C14: =WORKERS!C12 -> PURAUSTAM BANCHOR | K14: =SUM(COUNTIF(D14:J14,"A") + COUNTIF(D14:J14,"B")) * WORKERS!D12 -> 0
B15: =WORKERS!B13 -> 10 | C15: =WORKERS!C13 -> THABIR GOUD | K15: =SUM(COUNTIF(D15:J15,"A") + COUNTIF(D15:J15,"B")) * WORKERS!D13 -> 0
B16: =WORKERS!B14 -> 11 | C16: =WORKERS!C14 -> SARATH | K16: =SUM(COUNTIF(D16:J16,"A") + COUNTIF(D16:J16,"B")) * WORKERS!D14 -> 0
B17: =WORKERS!B15 -> 12 | C17: =WORKERS!C15 -> ANIL MAJHI | K17: =SUM(COUNTIF(D17:J17,"A") + COUNTIF(D17:J17,"B")) * WORKERS!D15 -> 0
... B73: =WORKERS!B71 -> 0 | C73: =WORKERS!C71 -> 0 | K73: =SUM(COUNTIF(D73:J73,"A") + COUNTIF(D73:J73,"B")) * WORKERS!D71 -> 0
B74: TOTAL WORKING DAYS AND AMOUNT | D74: =COUNTIF(D6:D73, "A") + COUNTIF(D6:D73, "B") -> 0 | E74: =COUNTIF(E6:E73, "A") + COUNTIF(E6:E73, "B") -> 0 | F74: =COUNTIF(F6:F73, "A") + COUNTIF(F6:F73, "B") -> 0 | G74: =COUNTIF(G6:G73, "A") + COUNTIF(G6:G73, "B") -> 0 | H74: =COUNTIF(H6:H73, "A") + COUNTIF(H6:H73, "B") -> 0 | I74: =COUNTIF(I6:I73, "A") + COUNTIF(I6:I73, "B") -> 0 | J74: =COUNTIF(J6:J73, "A") + COUNTIF(J6:J73, "B") -> 0 | K74: =SUM(K6:K73) -> 0

Sheet DRIER
B2: DHULIPUDI TIMBER PRODUCTS PVT LTD - DRIER DATA | K2: DATE
K3: 45857
B4: S NO | C4: NAME | D4: WORKING DAYS - SHIFTS (Fill the cells with 'A' or 'B') | K4: TOTAL AMOUNT/WEEK
D5: SUNDAY | E5: MONDAY | F5: TUESDAY | G5: WEDNESDAY | H5: THURSDAY | I5: FRIDAY | J5: SATURDAY
B6: =WORKERS!B4 -> 1 | C6: =WORKERS!C4 -> T.DILLESWAR RAO | K6: =SUM(COUNTIF(D6:J6,"A") + COUNTIF(D6:J6,"B")) * WORKERS!D4 -> 0
B7: =WORKERS!B5 -> 2 | C7: =WORKERS!C5 -> KUNJABIHARI MAJHI | K7: =SUM(COUNTIF(D7:J7,"A") + COUNTIF(D7:J7,"B")) * WORKERS!D5 -> 0
B8: =WORKERS!B6 -> 3 | C8: =WORKERS!C6 -> SUBHAS MAJHI | K8: =SUM(COUNTIF(D8:J8,"A") + COUNTIF(D8:J8,"B")) * WORKERS!D6 -> 0
B9: =WORKERS!B7 -> 4 | C9: =WORKERS!C7 -> MOHITH | K9: =SUM(COUNTIF(D9:J9,"A") + COUNTIF(D9:J9,"B")) * WORKERS!D7 -> 0
B10: =WORKERS!B8 -> 5 | C10: =WORKERS!C8 -> BIJAY MAJHI | K10: =SUM(COUNTIF(D10:J10,"A") + COUNTIF(D10:J10,"B")) * WORKERS!D8 -> 0
B11: =WORKERS!B9 -> 6 | C11: =WORKERS!C9 -> BASANTA MAJHI | K11: =SUM(COUNTIF(D11:J11,"A") + COUNTIF(D11:J11,"B")) * WORKERS!D9 -> 0
B12: =WORKERS!B10 -> 7 | C12: =WORKERS!C10 -> ROHITH MAJHI | K12: =SUM(COUNTIF(D12:J12,"A") + COUNTIF(D12:J12,"B")) * WORKERS!D10 -> 0
B13: =WORKERS!B11 -> 8 | C13: =WORKERS!C11 -> JANMENJAYA BHOI | K13: =SUM(COUNTIF(D13:J13,"A") + COUNTIF(D13:J13,"B")) * WORKERS!D11 -> 0
B14: =WORKERS!B12 -> 9 | C14: =WORKERS!C12 -> PURAUSTAM BANCHOR | K14: =SUM(COUNTIF(D14:J14,"A") + COUNTIF(D14:J14,"B")) * WORKERS!D12 -> 0
B15: =WORKERS!B13 -> 10 | C15: =WORKERS!C13 -> THABIR GOUD | K15: =SUM(COUNTIF(D15:J15,"A") + COUNTIF(D15:J15,"B")) * WORKERS!D13 -> 0
B16: =WORKERS!B14 -> 11 | C16: =WORKERS!C14 -> SARATH | K16: =SUM(COUNTIF(D16:J16,"A") + COUNTIF(D16:J16,"B")) * WORKERS!D14 -> 0
B17: =WORKERS!B15 -> 12 | C17: =WORKERS!C15 -> ANIL MAJHI | K17: =SUM(COUNTIF(D17:J17,"A") + COUNTIF(D17:J17,"B")) * WORKERS!D15 -> 0
... B73: =WORKERS!B71 -> 0 | C73: =WORKERS!C71 -> 0 | K73: =SUM(COUNTIF(D73:J73,"A") + COUNTIF(D73:J73,"B")) * WORKERS!D71 -> 0
B74: TOTAL WORKING DAYS AND AMOUNT | D74: =COUNTIF(D6:D73, "A") + COUNTIF(D6:D73, "B") -> 0 | E74: =COUNTIF(E6:E73, "A") + COUNTIF(E6:E73, "B") -> 0 | F74: =COUNTIF(F6:F73, "A") + COUNTIF(F6:F73, "B") -> 0 | G74: =COUNTIF(G6:G73, "A") + COUNTIF(G6:G73, "B") -> 0 | H74: =COUNTIF(H6:H73, "A") + COUNTIF(H6:H73, "B") -> 0 | I74: =COUNTIF(I6:I73, "A") + COUNTIF(I6:I73, "B") -> 0 | J74: =COUNTIF(J6:J73, "A") + COUNTIF(J6:J73, "B") -> 0 | K74: =SUM(K6:K73) -> 0

Sheet LOADING LABOUR
B2: DHULIPUDI TIMBER PRODUCTS PVT LTD - LOADING LABOUR DATA | K2: DATE
K3: 45857
B4: S NO | C4: NAME | D4: WORKING DAYS - SHIFTS (Fill the cells with 'A' or 'B') | K4: TOTAL AMOUNT/WEEK
D5: SUNDAY | E5: MONDAY | F5: TUESDAY | G5: WEDNESDAY | H5: THURSDAY | I5: FRIDAY | J5: SATURDAY
B6: =WORKERS!B4 -> 1 | C6: =WORKERS!C4 -> T.DILLESWAR RAO | K6: =SUM(COUNTIF(D6:J6,"A") + COUNTIF(D6:J6,"B")) * WORKERS!D4 -> 0
B7: =WORKERS!B5 -> 2 | C7: =WORKERS!C5 -> KUNJABIHARI MAJHI | K7: =SUM(COUNTIF(D7:J7,"A") + COUNTIF(D7:J7,"B")) * WORKERS!D5 -> 0
B8: =WORKERS!B6 -> 3 | C8: =WORKERS!C6 -> SUBHAS MAJHI | K8: =SUM(COUNTIF(D8:J8,"A") + COUNTIF(D8:J8,"B")) * WORKERS!D6 -> 0
B9: =WORKERS!B7 -> 4 | C9: =WORKERS!C7 -> MOHITH | K9: =SUM(COUNTIF(D9:J9,"A") + COUNTIF(D9:J9,"B")) * WORKERS!D7 -> 0
B10: =WORKERS!B8 -> 5 | C10: =WORKERS!C8 -> BIJAY MAJHI | K10: =SUM(COUNTIF(D10:J10,"A") + COUNTIF(D10:J10,"B")) * WORKERS!D8 -> 0
B11: =WORKERS!B9 -> 6 | C11: =WORKERS!C9 -> BASANTA MAJHI | K11: =SUM(COUNTIF(D11:J11,"A") + COUNTIF(D11:J11,"B")) * WORKERS!D9 -> 0
B12: =WORKERS!B10 -> 7 | C12: =WORKERS!C10 -> ROHITH MAJHI | K12: =SUM(COUNTIF(D12:J12,"A") + COUNTIF(D12:J12,"B")) * WORKERS!D10 -> 0
B13: =WORKERS!B11 -> 8 | C13: =WORKERS!C11 -> JANMENJAYA BHOI | K13: =SUM(COUNTIF(D13:J13,"A") + COUNTIF(D13:J13,"B")) * WORKERS!D11 -> 0
B14: =WORKERS!B12 -> 9 | C14: =WORKERS!C12 -> PURAUSTAM BANCHOR | K14: =SUM(COUNTIF(D14:J14,"A") + COUNTIF(D14:J14,"B")) * WORKERS!D12 -> 0
B15: =WORKERS!B13 -> 10 | C15: =WORKERS!C13 -> THABIR GOUD | K15: =SUM(COUNTIF(D15:J15,"A") + COUNTIF(D15:J15,"B")) * WORKERS!D13 -> 0
B16: =WORKERS!B14 -> 11 | C16: =WORKERS!C14 -> SARATH | K16: =SUM(COUNTIF(D16:J16,"A") + COUNTIF(D16:J16,"B")) * WORKERS!D14 -> 0
B17: =WORKERS!B15 -> 12 | C17: =WORKERS!C15 -> ANIL MAJHI | K17: =SUM(COUNTIF(D17:J17,"A") + COUNTIF(D17:J17,"B")) * WORKERS!D15 -> 0
... B72: =WORKERS!B70 -> 0 | C72: =WORKERS!C70 -> 0 | K72: =SUM(COUNTIF(D72:J72,"A") + COUNTIF(D72:J72,"B")) * WORKERS!D70 -> 0
C73: =WORKERS!C71 -> 0 | K73: =SUM(COUNTIF(D73:J73,"A") + COUNTIF(D73:J73,"B")) * WORKERS!D71 -> 0
B74: TOTAL WORKING DAYS AND AMOUNT | D74: =COUNTIF(D6:D73, "A") + COUNTIF(D6:D73, "B") -> 0 | E74: =COUNTIF(E6:E73, "A") + COUNTIF(E6:E73, "B") -> 0 | F74: =COUNTIF(F6:F73, "A") + COUNTIF(F6:F73, "B") -> 0 | G74: =COUNTIF(G6:G73, "A") + COUNTIF(G6:G73, "B") -> 0 | H74: =COUNTIF(H6:H73, "A") + COUNTIF(H6:H73, "B") -> 0 | I74: =COUNTIF(I6:I73, "A") + COUNTIF(I6:I73, "B") -> 0 | J74: =COUNTIF(J6:J73, "A") + COUNTIF(J6:J73, "B") -> 0 | K74: =SUM(K6:K73) -> 0

Sheet FINAL WEEK REPORT
B2: DEPORTMENT | C2: DEPORTMENT WISE WORING DAYS | J2: TOTAL WORKERS | K2: TOTAL AMOUNT
C3: SUNDAY | D3: MONDAY | E3: TUESDAY | F3: WEDNESDAY | G3: THURSDAY | H3: FRIDAY | I3: SATURDAY
B4: SAWMILL | C4: =SUM(COUNTIF('SAW MILL'!D6:D73,"A") + COUNTIF('SAW MILL'!D6:D73,"B")) -> 0 | D4: =SUM(COUNTIF('SAW MILL'!E6:E73,"A") + COUNTIF('SAW MILL'!E6:E73,"B")) -> 4 | E4: =SUM(COUNTIF('SAW MILL'!F6:F73,"A") + COUNTIF('SAW MILL'!F6:F73,"B")) -> 2 | F4: =SUM(COUNTIF('SAW MILL'!G6:G73,"A") + COUNTIF('SAW MILL'!G6:G73,"B")) -> 0 | G4: =SUM(COUNTIF('SAW MILL'!H6:H73,"A") + COUNTIF('SAW MILL'!H6:H73,"B")) -> 0 | H4: =SUM(COUNTIF('SAW MILL'!I6:I73,"A") + COUNTIF('SAW MILL'!I6:I73,"B")) -> 0 | I4: =SUM(COUNTIF('SAW MILL'!J6:J73,"A") + COUNTIF('SAW MILL'!J6:J73,"B")) -> 0 | J4: =SUM(C4:I4) -> 6 | K4: ='SAW MILL'!K74 -> 4466.68
B5: SAW DUST MACHINE | C5: =SUM(COUNTIF('SAW DUST MACHINE'!D6:D73,"A") + COUNTIF('SAW DUST MACHINE'!D6:D73,"B")) -> 0 | D5: =SUM(COUNTIF('SAW DUST MACHINE'!E6:E73,"A") + COUNTIF('SAW DUST MACHINE'!E6:E73,"B")) -> 0 | E5: =SUM(COUNTIF('SAW DUST MACHINE'!F6:F73,"A") + COUNTIF('SAW DUST MACHINE'!F6:F73,"B")) -> 0 | F5: =SUM(COUNTIF('SAW DUST MACHINE'!G6:G73,"A") + COUNTIF('SAW DUST MACHINE'!G6:G73,"B")) -> 0 | G5: =SUM(COUNTIF('SAW DUST MACHINE'!H6:H73,"A") + COUNTIF('SAW DUST MACHINE'!H6:H73,"B")) -> 0 | H5: =SUM(COUNTIF('SAW DUST MACHINE'!I6:I73,"A") + COUNTIF('SAW DUST MACHINE'!I6:I73,"B")) -> 0 | I5: =SUM(COUNTIF('SAW DUST MACHINE'!J6:J73,"A") + COUNTIF('SAW DUST MACHINE'!J6:J73,"B")) -> 0 | J5: =SUM(C5:I5) -> 0 | K5: ='SAW DUST MACHINE'!K74 -> 0
B6: BRIQUETTE | C6: =SUM(COUNTIF(BRIQUETTE!D6:D73,"A") + COUNTIF(BRIQUETTE!D6:D73,"B")) -> 0 | D6: =SUM(COUNTIF(BRIQUETTE!E6:E73,"A") + COUNTIF(BRIQUETTE!E6:E73,"B")) -> 5 | E6: =SUM(COUNTIF(BRIQUETTE!F6:F73,"A") + COUNTIF(BRIQUETTE!F6:F73,"B")) -> 0 | F6: =SUM(COUNTIF(BRIQUETTE!G6:G73,"A") + COUNTIF(BRIQUETTE!G6:G73,"B")) -> 0 | G6: =SUM(COUNTIF(BRIQUETTE!H6:H73,"A") + COUNTIF(BRIQUETTE!H6:H73,"B")) -> 0 | H6: =SUM(COUNTIF(BRIQUETTE!I6:I73,"A") + COUNTIF(BRIQUETTE!I6:I73,"B")) -> 0 | I6: =SUM(COUNTIF(BRIQUETTE!J6:J73,"A") + COUNTIF(BRIQUETTE!J6:J73,"B")) -> 0 | J6: =SUM(C6:I6) -> 5 | K6: =BRIQUETTE!K74 -> 3766.68
B7: DRIER | C7: =SUM(COUNTIF(DRIER!D6:D73,"A") + COUNTIF(DRIER!D6:D73,"B")) -> 0 | D7: =SUM(COUNTIF(DRIER!E6:E73,"A") + COUNTIF(DRIER!E6:E73,"B")) -> 0 | E7: =SUM(COUNTIF(DRIER!F6:F73,"A") + COUNTIF(DRIER!F6:F73,"B")) -> 0 | F7: =SUM(COUNTIF(DRIER!G6:G73,"A") + COUNTIF(DRIER!G6:G73,"B")) -> 0 | G7: =SUM(COUNTIF(DRIER!H6:H73,"A") + COUNTIF(DRIER!H6:H73,"B")) -> 0 | H7: =SUM(COUNTIF(DRIER!I6:I73,"A") + COUNTIF(DRIER!I6:I73,"B")) -> 0 | I7: =SUM(COUNTIF(DRIER!J6:J73,"A") + COUNTIF(DRIER!J6:J73,"B")) -> 0 | J7: =SUM(C7:I7) -> 0 | K7: =DRIER!K74 -> 0
B8: LOADING LABOUR | C8: =SUM(COUNTIF('LOADING LABOUR'!D6:D73,"A") + COUNTIF('LOADING LABOUR'!D6:D73,"B")) -> 0 | D8: =SUM(COUNTIF('LOADING LABOUR'!E6:E73,"A") + COUNTIF('LOADING LABOUR'!E6:E73,"B")) -> 0 | E8: =SUM(COUNTIF('LOADING LABOUR'!F6:F73,"A") + COUNTIF('LOADING LABOUR'!F6:F73,"B")) -> 0 | F8: =SUM(COUNTIF('LOADING LABOUR'!G6:G73,"A") + COUNTIF('LOADING LABOUR'!G6:G73,"B")) -> 0 | G8: =SUM(COUNTIF('LOADING LABOUR'!H6:H73,"A") + COUNTIF('LOADING LABOUR'!H6:H73,"B")) -> 0 | H8: =SUM(COUNTIF('LOADING LABOUR'!I6:I73,"A") + COUNTIF('LOADING LABOUR'!I6:I73,"B")) -> 0 | I8: =SUM(COUNTIF('LOADING LABOUR'!J6:J73,"A") + COUNTIF('LOADING LABOUR'!J6:J73,"B")) -> 0 | J8: =SUM(C8:I8) -> 0 | K8: ='LOADING LABOUR'!K74 -> 0
B9: FINAL REPORT | J9: =SUM(J4:J8) -> 11 | K9: =SUM(K4:K8) -> 8233.36
B11: AMOUNT PER CFT | I11: ='SAW MILL'!K76 -> 22.3334
B12: AMOUNT PER TONNAGE | I12: =BRIQUETTE!K76 -> 188.334
B13: TOTAL CALLACULATION IN RUPEES | I13: =SUM(I11:K12) -> 210.6674
